"scenario","area_km2","delta","delta_perc"
"current",2587408.85475887,0,0
"ssp1",2278614.22315912,-308794.631599757,-11.9345124382569
"ssp2",1360699.67245967,-1226709.18229921,-47.4107205764172
"ssp3",900202.510140086,-1687206.34461879,-65.208339281811
