"scenario","area_km2","delta","delta_perc"
"current",3224249.45171854,0,0
"ssp1",2727560.08535889,-496689.366359655,-15.4048057942575
"ssp2",1639462.01947957,-1584787.43223898,-49.1521346586343
"ssp3",1161253.51063993,-2062995.94107862,-63.983757211435
