"","rand1","rand2","rand3","rand4","rand5","rand6","rand7","rand8","rand9","rand10","rand11","rand12","rand13","rand14","rand15","rand16","rand17","rand18","rand19","rand20"
"BO21_tempmean_ss",0.344823,0.368998,0.344393,0.408713,0.420049,0.33409,0.373718,0.374468,0.381093,0.388295,0.367115,0.385897,0.408359,0.387703,0.365693,0.339882,0.35545,0.36024,0.388403,0.385882
"BO21_salinitymean_ss",0.296254,0.310506,0.287046,0.298142,0.29763,0.297624,0.2934,0.280332,0.308313,0.274976,0.292582,0.28844,0.273854,0.308536,0.313361,0.306464,0.282181,0.299903,0.287844,0.303331
"BO21_lightbotmax_bdmean",0.00260099999999996,0.002467,0.00235799999999997,0.00246299999999999,0.00270199999999998,0.00204099999999996,0.00278500000000004,0.00254600000000005,0.00267300000000004,0.00254399999999999,0.00221099999999996,0.00250700000000004,0.00233399999999995,0.00204800000000005,0.00216300000000003,0.00216300000000003,0.00268199999999996,0.00265099999999996,0.00192800000000004,0.00285800000000003
"BO_ph",0.103608,0.11256,0.0921110000000001,0.114883,0.121085,0.102326,0.103391,0.102513,0.105506,0.112951,0.128883,0.109,0.114315,0.109753,0.114173,0.120701,0.1023,0.132665,0.125668,0.087549
"BO21_chlomean_ss",0.035694,0.037844,0.037392,0.037882,0.040608,0.039371,0.035486,0.03256,0.031703,0.044095,0.03823,0.037913,0.035183,0.039385,0.035181,0.035289,0.041612,0.041317,0.037725,0.041042
"BO21_silicatemean_ss",0.019994,0.021695,0.024098,0.021798,0.018474,0.020661,0.018889,0.020988,0.021508,0.021023,0.0223179999999999,0.020958,0.022184,0.022309,0.02012,0.024388,0.025041,0.022153,0.0203410000000001,0.021837
"BO21_dissoxmean_ss",0.033508,0.033927,0.03255,0.0326340000000001,0.032591,0.034546,0.033633,0.035581,0.032788,0.035701,0.033536,0.033925,0.033249,0.035249,0.033093,0.036782,0.034046,0.031809,0.03816,0.032347
