"scenario","area_km2","delta","delta_perc"
"current",2951642.18996797,0,0
"ssp1",2563531.9989392,-388110.191028769,-13.1489579715277
"ssp2",1523949.85648602,-1427692.33348195,-48.3694242592948
"ssp3",1030340.970574,-1921301.21939396,-65.092619489045
