"","rand1","rand2","rand3","rand4","rand5","rand6","rand7","rand8","rand9","rand10","rand11","rand12","rand13","rand14","rand15","rand16","rand17","rand18","rand19","rand20"
"BO21_tempmean_ss",0.227009,0.255487,0.290741,0.244067,0.242719,0.264217,0.208332,0.251996,0.258428,0.251675,0.261513,0.266185,0.203675,0.252088,0.221293,0.231302,0.249222,0.250598,0.226537,0.244362
"BO21_salinitymean_ss",0.044476,0.033242,0.0403790000000001,0.036806,0.0354640000000001,0.035021,0.033829,0.035282,0.040268,0.040936,0.0389969999999999,0.0410509999999999,0.03921,0.039774,0.043215,0.03789,0.035172,0.043696,0.03311,0.0361900000000001
"BO21_lightbotmax_bdmean",0.00044999999999995,0.000411999999999968,0.000411999999999968,0.000345999999999957,0.000394000000000005,0.000527999999999973,0.000407000000000046,0.000442000000000053,0.000373999999999985,0.000368999999999953,0.000385999999999997,0.000376000000000043,0.000283999999999951,0.000331999999999999,0.000385999999999997,0.000334999999999974,0.000333000000000028,0.000238999999999989,0.000434999999999963,0.000456000000000012
"BO_ph",0.157666,0.138139,0.158074,0.145206,0.14931,0.128921,0.155362,0.12656,0.125714,0.106089,0.152964,0.13497,0.121265,0.123221,0.155311,0.140476,0.097256,0.140142,0.113612,0.126177
"BO21_chlomean_ss",0.00495599999999996,0.00470000000000004,0.00540799999999997,0.00481500000000001,0.00399899999999997,0.00588699999999998,0.00458000000000003,0.00429400000000002,0.00576600000000005,0.004498,0.00527299999999997,0.00451500000000005,0.00419499999999995,0.00497599999999998,0.00358400000000003,0.00451000000000001,0.00439500000000004,0.00425600000000004,0.00491799999999998,0.00412199999999996
"BO21_silicatemean_ss",0.157369,0.179629,0.155076,0.155566,0.151048,0.165398,0.151932,0.184015,0.180545,0.182651,0.166812,0.161427,0.163314,0.139673,0.179337,0.149793,0.189174,0.178048,0.196665,0.182972
"BO21_dissoxmean_ss",0.166056,0.151101,0.159679,0.163014,0.151971,0.147178,0.132594,0.137242,0.140658,0.130634,0.152894,0.152505,0.155445,0.149606,0.156558,0.158864,0.154258,0.177869,0.147655,0.15131
