"waic","dic"
572.708253181526,2739.70407736714
589.672510088727,2738.53599713926
571.703232833301,2742.41866542026
586.002226230119,2742.3613405758
579.812337390766,2739.07953550046
574.292077838234,2739.26040078626
