"","rand1","rand2","rand3","rand4","rand5","rand6","rand7","rand8","rand9","rand10","rand11","rand12","rand13","rand14","rand15","rand16","rand17","rand18","rand19","rand20"
"BO21_tempmean_ss",0.00767600000000002,0.00825399999999998,0.00769399999999998,0.00777799999999995,0.00714800000000004,0.00765199999999999,0.00836300000000001,0.00770800000000005,0.00786900000000001,0.00771900000000003,0.00770300000000002,0.00739100000000004,0.00765700000000002,0.00722199999999995,0.00811799999999996,0.00641199999999997,0.00720699999999996,0.007683,0.00736400000000004,0.00800199999999995
"BO21_salinitymean_ss",0.016715,0.016003,0.0167389999999999,0.0161520000000001,0.014436,0.016547,0.014701,0.015353,0.0135729999999999,0.015907,0.016163,0.019058,0.015501,0.015809,0.013555,0.0132139999999999,0.015363,0.016557,0.013302,0.016607
"BO21_lightbotmax_bdmean",0.00106600000000001,0.00109700000000001,0.000852999999999993,0.000785999999999953,0.000928999999999958,0.000829999999999997,0.000971999999999973,0.000955999999999957,0.000854000000000021,0.000924999999999954,0.000874000000000041,0.000927000000000011,0.00110399999999999,0.00081500000000001,0.000816999999999957,0.000778999999999974,0.000990999999999964,0.000950000000000006,0.000939000000000023,0.000935000000000019
"BO_ph",0.147824,0.137914,0.159724,0.127186,0.12761,0.125078,0.108312,0.140192,0.12553,0.11612,0.107393,0.154128,0.106372,0.142848,0.14201,0.130985,0.136393,0.16232,0.127796,0.162411
"BO21_chlomean_ss",0.018693,0.014659,0.014394,0.019414,0.0178120000000001,0.015277,0.017458,0.022883,0.018029,0.012478,0.019176,0.0169899999999999,0.016449,0.019759,0.019966,0.019398,0.016259,0.019404,0.017267,0.013168
"BO21_silicatemean_ss",0.065476,0.054342,0.046268,0.048161,0.060762,0.058006,0.047902,0.059351,0.07025,0.062793,0.055673,0.066952,0.059225,0.0590889999999999,0.056885,0.05247,0.045002,0.062349,0.059698,0.060042
"BO21_dissoxmean_ss",0.704426,0.645094,0.658818,0.604854,0.694199,0.64405,0.623025,0.636381,0.672576,0.653372,0.663407,0.683,0.554464,0.601824,0.715562,0.619246,0.663672,0.625203,0.684632,0.596679
